{"cameraMode":{"drawMode":0,"name":"Shaded","section":"Shading Mode"},"sceneLighting":true,"audioPlay":false,"sceneViewState":{"showFog":false,"showMaterialUpdate":false,"showSkybox":false,"showFlares":false,"showImageEffects":false,"showParticleSystems":false,"showVisualEffectGraphs":true,"m_FxEnabled":true},"in2DMode":false,"pivot":{"x":92.33964538574219,"y":18.029293060302736,"z":0.15508335828781129},"rotation":{"x":-0.020940590649843217,"y":0.7156901955604553,"z":0.019403234124183656,"w":0.6988611221313477},"size":5.536501407623291,"orthographic":false}