{"cameraMode":{"drawMode":0,"name":"Shaded","section":"Shading Mode"},"sceneLighting":true,"audioPlay":false,"sceneViewState":{"showFog":false,"showMaterialUpdate":false,"showSkybox":false,"showFlares":false,"showImageEffects":false,"showParticleSystems":false,"showVisualEffectGraphs":true,"m_FxEnabled":true},"in2DMode":false,"pivot":{"x":124.25785064697266,"y":3.4514119625091554,"z":-0.9452211856842041},"rotation":{"x":0.004576185252517462,"y":0.7094947099685669,"z":-0.0047483122907578949,"w":0.7048434615135193},"size":34.46841049194336,"orthographic":false}