{"cameraMode":{"drawMode":0,"name":"Shaded","section":"Shading Mode"},"sceneLighting":false,"audioPlay":false,"sceneViewState":{"showFog":true,"showMaterialUpdate":false,"showSkybox":false,"showFlares":true,"showImageEffects":true,"showParticleSystems":true,"showVisualEffectGraphs":true,"m_FxEnabled":true},"in2DMode":false,"pivot":{"x":1.0661166906356812,"y":2.2383944988250734,"z":-2.428725004196167},"rotation":{"x":0.05490206554532051,"y":-0.01049757469445467,"z":0.00019289935880806297,"w":0.9986147284507752},"size":3.7626731395721437,"orthographic":false}