{"cameraMode":{"drawMode":0,"name":"Shaded","section":"Shading Mode"},"sceneLighting":false,"audioPlay":false,"sceneViewState":{"showFog":true,"showMaterialUpdate":false,"showSkybox":false,"showFlares":true,"showImageEffects":true,"showParticleSystems":true,"showVisualEffectGraphs":true,"m_FxEnabled":true},"in2DMode":false,"pivot":{"x":0.036447227001190189,"y":5.065371513366699,"z":1.6439590454101563},"rotation":{"x":-0.21437296271324159,"y":0.0015085265040397645,"z":-0.00008779319614404812,"w":-0.9769280552864075},"size":13.651268005371094,"orthographic":false}