{"cameraMode":{"drawMode":0,"name":"Shaded","section":"Shading Mode"},"sceneLighting":true,"audioPlay":false,"sceneViewState":{"showFog":true,"showMaterialUpdate":false,"showSkybox":true,"showFlares":true,"showImageEffects":true,"showParticleSystems":true,"showVisualEffectGraphs":true,"m_FxEnabled":true},"in2DMode":false,"pivot":{"x":0.36667105555534365,"y":-3.674241065979004,"z":5.295134544372559},"rotation":{"x":0.34164515137672427,"y":0.008890179917216301,"z":-0.003636637469753623,"w":0.9400083422660828},"size":12.669951438903809,"orthographic":false}