{"cameraMode":{"drawMode":0,"name":"Shaded","section":"Shading Mode"},"sceneLighting":true,"audioPlay":false,"sceneViewState":{"showFog":true,"showMaterialUpdate":false,"showSkybox":true,"showFlares":true,"showImageEffects":true,"showParticleSystems":true,"showVisualEffectGraphs":true,"m_FxEnabled":true},"in2DMode":false,"pivot":{"x":-0.11528623104095459,"y":0.35924655199050906,"z":-0.01299026608467102},"rotation":{"x":0.05632172152400017,"y":0.6998188495635986,"z":-0.055581510066986087,"w":0.7099707722663879},"size":1.2828333377838135,"orthographic":false}